"file","status","description_snippet","date_change"
"tutorials/anova/anova.qmd","SKIPPED — already has description: and full date:","",""
"tutorials/bert_roberta/bert_roberta.qmd","SKIPPED — already has description: and full date:","",""
"tutorials/cluster_analysis/cluster_analysis.qmd","SKIPPED — already has description: and full date:","",""
"tutorials/collocations/collocations.qmd","SKIPPED — already has description: and full date:","",""
"tutorials/conceptmaps/conceptmaps.qmd","SKIPPED — already has description: and full date:","",""
"tutorials/conceptual_maps_comparison/conceptual_maps_comparison.qmd","SKIPPED — already has description: and full date:","",""
"tutorials/concordancing/concordancing.qmd","SKIPPED — already has description: and full date:","",""
"tutorials/corpus_compilation/corpus_compilation.qmd","SKIPPED — already has description: and full date:","",""
"tutorials/corpus_linguistics/corpus_linguistics.qmd","SKIPPED — already has description: and full date:","",""
"tutorials/data_loading/data_loading.qmd","SKIPPED — already has description: and full date:","",""
"tutorials/data_simulation/data_simulation.qmd","SKIPPED — already has description: and full date:","",""
"tutorials/data_viz_advanced/data_viz_advanced.qmd","SKIPPED — already has description: and full date:","",""
"tutorials/data_viz_intro/data_viz_intro.qmd","SKIPPED — already has description: and full date:","",""
"tutorials/datamanagement/datamanagement.qmd","SKIPPED — already has description: and full date:","",""
"tutorials/deep_learning/deep_learning.qmd","SKIPPED — already has description: and full date:","",""
"tutorials/descriptive_stats/descriptive_stats.qmd","SKIPPED — already has description: and full date:","",""
"tutorials/dimension_reduction/dimension_reduction.qmd","SKIPPED — already has description: and full date:","",""
"tutorials/document_classification/document_classification.qmd","SKIPPED — already has description: and full date:","",""
"tutorials/embeddings/embeddings.qmd","SKIPPED — already has description: and full date:","",""
"tutorials/eyetracking/eyetracking.qmd","SKIPPED — already has description: and full date:","",""
"tutorials/gutenberg/gutenberg.qmd","SKIPPED — already has description: and full date:","",""
"tutorials/inferential_stats/inferential_stats.qmd","SKIPPED — already has description: and full date:","",""
"tutorials/interactive_viz/interactive_viz.qmd","SKIPPED — already has description: and full date:","",""
"tutorials/jupyter/jupyter.qmd","SKIPPED — already has description: and full date:","",""
"tutorials/keywords/keywords.qmd","SKIPPED — already has description: and full date:","",""
"tutorials/leaflet/leaflet.qmd","SKIPPED — already has description: and full date:","",""
"tutorials/learner_language/learner_language.qmd","SKIPPED — already has description: and full date:","",""
"tutorials/lexical_similarity/lexical_similarity.qmd","SKIPPED — already has description: and full date:","",""
"tutorials/lexicography/lexicography.qmd","SKIPPED — already has description: and full date:","",""
"tutorials/litsty/litsty.qmd","SKIPPED — already has description: and full date:","",""
"tutorials/llm_privacy/llm_privacy.qmd","SKIPPED — already has description: and full date:","",""
"tutorials/mixedmodel/mixedmodel.qmd","SKIPPED — already has description: and full date:","",""
"tutorials/network_analysis/network_analysis.qmd","SKIPPED — already has description: and full date:","",""
"tutorials/notebooks/notebooks.qmd","SKIPPED — already has description: and full date:","",""
"tutorials/ollamar/ollamar.qmd","SKIPPED — already has description: and full date:","",""
"tutorials/pdf_to_text/pdf_to_text.qmd","SKIPPED — already has description: and full date:","",""
"tutorials/phylogenetic_methods/phylogenetic_methods.qmd","SKIPPED — already has description: and full date:","",""
"tutorials/pos_tagging/pos_tagging.qmd","SKIPPED — already has description: and full date:","",""
"tutorials/power_analysis/power_analysis.qmd","SKIPPED — already has description: and full date:","",""
"tutorials/publish/publish.qmd","SKIPPED — already has description: and full date:","",""
"tutorials/quant_basics/quant_basics.qmd","SKIPPED — already has description: and full date:","",""
"tutorials/quant_intro/quant_intro.qmd","SKIPPED — already has description: and full date:","",""
"tutorials/r_intro/r_intro.qmd","SKIPPED — already has description: and full date:","",""
"tutorials/r_reproducibility/r_reproducibility.qmd","SKIPPED — already has description: and full date:","",""
"tutorials/regression/regression.qmd","SKIPPED — already has description: and full date:","",""
"tutorials/regression_concepts/regression_concepts.qmd","SKIPPED — already has description: and full date:","",""
"tutorials/regular_expressions/regular_expressions.qmd","SKIPPED — already has description: and full date:","",""
"tutorials/reinforcement_nlp/reinforcement_nlp.qmd","SKIPPED — already has description: and full date:","",""
"tutorials/reproducibility/reproducibility.qmd","SKIPPED — already has description: and full date:","",""
"tutorials/semantic_vectors/semantic_vectors.qmd","SKIPPED — already has description: and full date:","",""
"tutorials/sentiment/sentiment.qmd","SKIPPED — already has description: and full date:","",""
"tutorials/speechprocessing/speechprocessing.qmd","SKIPPED — already has description: and full date:","",""
"tutorials/spellcheck/spellcheck.qmd","SKIPPED — already has description: and full date:","",""
"tutorials/string/string.qmd","SKIPPED — already has description: and full date:","",""
"tutorials/structural_equations/structural_equations.qmd","SKIPPED — already has description: and full date:","",""
"tutorials/surveys/surveys.qmd","SKIPPED — already has description: and full date:","",""
"tutorials/table/table.qmd","SKIPPED — already has description: and full date:","",""
"tutorials/text_analysis_intro/text_analysis_intro.qmd","SKIPPED — already has description: and full date:","",""
"tutorials/text_summarisation/text_summarisation.qmd","SKIPPED — already has description: and full date:","",""
"tutorials/textanalysis/textanalysis.qmd","SKIPPED — already has description: and full date:","",""
"tutorials/topic/topic.qmd","SKIPPED — already has description: and full date:","",""
"tutorials/topic_modelling_dickens/topic_modelling_dickens.qmd","SKIPPED — already has description: and full date:","",""
"tutorials/tree_models/tree_models.qmd","SKIPPED — already has description: and full date:","",""
"tutorials/vowelchart/vowelchart.qmd","SKIPPED — already has description: and full date:","",""
"tutorials/webscraping/webscraping.qmd","SKIPPED — already has description: and full date:","",""
"tutorials/why_r/why_r.qmd","SKIPPED — already has description: and full date:","",""
"tutorials/working_with_computers/working_with_computers.qmd","SKIPPED — already has description: and full date:","",""
"tutorials/workingwithr/workingwithr.qmd","SKIPPED — already has description: and full date:","",""
