"folder","qmd_file","concept_doi","record_id","filename","file_url","title","status"
"anova","tutorials/anova/anova.qmd","10.5281/zenodo.19329143","19329144","anova.html","https://zenodo.org/records/19329144/files/anova.html","ANOVA, MANOVA, and ANCOVA using R","OK"
"bert_roberta","tutorials/bert_roberta/bert_roberta.qmd","10.5281/zenodo.19332940","19332941","rbert.html","https://zenodo.org/records/19332941/files/rbert.html","BERT and RoBERTa in R: Transformer-Based NLP","OK"
"cluster_analysis","tutorials/cluster_analysis/cluster_analysis.qmd","10.5281/zenodo.19329158","19329159","clust.html","https://zenodo.org/records/19329159/files/clust.html","Cluster and Correspondence Analysis in R","OK"
"collocations","tutorials/collocations/collocations.qmd","10.5281/zenodo.19424286","19424287","collocation_tutorial.html","https://zenodo.org/records/19424287/files/collocation_tutorial.html","Analyzing Collocations and N-grams in R","OK"
"conceptmaps","tutorials/conceptmaps/conceptmaps.qmd","10.5281/zenodo.19332086","19332087","conceptmaps.html","https://zenodo.org/records/19332087/files/conceptmaps.html","Conceptual Maps in R","OK"
"conceptual_maps_comparison","tutorials/conceptual_maps_comparison/conceptual_maps_comparison.qmd","10.5281/zenodo.19332090","19332091","conceptualmaps_showcase.html","https://zenodo.org/records/19332091/files/conceptualmaps_showcase.html","Comparing Methods for Conceptual Maps","OK"
"concordancing","tutorials/concordancing/concordancing.qmd","10.5281/zenodo.19332092","19332093","concordancing_tutorial.html","https://zenodo.org/records/19332093/files/concordancing_tutorial.html","Finding Words in Text: Concordancing with R","OK"
"corpus_compilation","tutorials/corpus_compilation/corpus_compilation.qmd","10.5281/zenodo.19332644","19332645","corpuscompilation_tutorial.html","https://zenodo.org/records/19332645/files/corpuscompilation_tutorial.html","Compiling a Corpus: From Texts to Analysis-Ready Data","OK"
"corpus_linguistics","tutorials/corpus_linguistics/corpus_linguistics.qmd","10.5281/zenodo.19424856","19424857","corpus_linguistics.html","https://zenodo.org/records/19424857/files/corpus_linguistics.html","Corpus Linguistics with R","OK"
"data_loading","tutorials/data_loading/data_loading.qmd","10.5281/zenodo.19332908","19332909","load.html","https://zenodo.org/records/19332909/files/load.html","Loading and Saving Data in R","OK"
"data_simulation","tutorials/data_simulation/data_simulation.qmd","10.5281/zenodo.19332960","19332961","simulate.html","https://zenodo.org/records/19332961/files/simulate.html","Simulating Data with R","OK"
"data_viz_advanced","tutorials/data_viz_advanced/data_viz_advanced.qmd","10.5281/zenodo.19332871","19332872","dviz.html","https://zenodo.org/records/19332872/files/dviz.html","Mastering Data Visualization with R","OK"
"data_viz_intro","tutorials/data_viz_intro/data_viz_intro.qmd","10.5281/zenodo.19424858","19424859","data_viz_intro.html","https://zenodo.org/records/19424859/files/data_viz_intro.html","Introduction to Data Visualization in R","OK"
"datamanagement","tutorials/datamanagement/datamanagement.qmd","10.5281/zenodo.19424860","19424861","datamanagement.html","https://zenodo.org/records/19424861/files/datamanagement.html","Introduction to Data Management for Researchers","OK"
"deep_learning","tutorials/deep_learning/deep_learning.qmd","10.5281/zenodo.19424862","19424863","deep_learning.html","https://zenodo.org/records/19424863/files/deep_learning.html","Deep Learning with R: Recurrent Neural Networks and TensorFlow","OK"
"descriptive_stats","tutorials/descriptive_stats/descriptive_stats.qmd","10.5281/zenodo.19332863","19332864","descriptivestats_tutorial.html","https://zenodo.org/records/19332864/files/descriptivestats_tutorial.html","Descriptive Statistics with R","OK"
"dimension_reduction","tutorials/dimension_reduction/dimension_reduction.qmd","10.5281/zenodo.19332865","19332866","dimensionredux_tutorial.html","https://zenodo.org/records/19332866/files/dimensionredux_tutorial.html","Dimension Reduction Methods with R","OK"
"document_classification","tutorials/document_classification/document_classification.qmd","10.5281/zenodo.19329145","19329146","atap_docclass.html","https://zenodo.org/records/19329146/files/atap_docclass.html","Classifying American Speeches","OK"
"embeddings","tutorials/embeddings/embeddings.qmd","10.5281/zenodo.19424864","19424865","embeddings.html","https://zenodo.org/records/19424865/files/embeddings.html","Word Embeddings and Vector Semantics","OK"
"eyetracking","tutorials/eyetracking/eyetracking.qmd","10.5281/zenodo.19350402","19350403","eyetracking.html","https://zenodo.org/records/19350403/files/eyetracking.html","Processing and Analysing Eye-Tracking Data in R","OK"
"gutenberg","tutorials/gutenberg/gutenberg.qmd","10.5281/zenodo.19424866","19424867","gutenberg.html","https://zenodo.org/records/19424867/files/gutenberg.html","Downloading Texts from Project Gutenberg using R","OK"
"inferential_stats","tutorials/inferential_stats/inferential_stats.qmd","10.5281/zenodo.19329154","19329155","basicstatz.html","https://zenodo.org/records/19329155/files/basicstatz.html","Basic Inferential Statistics using R","OK"
"interactive_viz","tutorials/interactive_viz/interactive_viz.qmd","10.5281/zenodo.19332914","19332915","motion.html","https://zenodo.org/records/19332915/files/motion.html","Interactive Visualizations in R","OK"
"jupyter","tutorials/jupyter/jupyter.qmd","10.5281/zenodo.19424868","19424869","jupyter.html","https://zenodo.org/records/19424869/files/jupyter.html","Creating Interactive Jupyter Notebooks","OK"
"keywords","tutorials/keywords/keywords.qmd","10.5281/zenodo.19332895","19332896","key.html","https://zenodo.org/records/19332896/files/key.html","Keyness and Keyword Analysis in R","OK"
"leaflet","tutorials/leaflet/leaflet.qmd","10.5281/zenodo.19332898","19332899","leaflet.html","https://zenodo.org/records/19332899/files/leaflet.html","How to create a typological map in R with leaflet","OK"
"learner_language","tutorials/learner_language/learner_language.qmd","10.5281/zenodo.19332906","19332907","llr.html","https://zenodo.org/records/19332907/files/llr.html","Analysing Learner Language with R","OK"
"lexical_similarity","tutorials/lexical_similarity/lexical_similarity.qmd","10.5281/zenodo.19332902","19332903","lexsim.html","https://zenodo.org/records/19332903/files/lexsim.html","Introduction to Lexical Similarity","OK"
"lexicography","tutorials/lexicography/lexicography.qmd","10.5281/zenodo.19332900","19332901","lex.html","https://zenodo.org/records/19332901/files/lex.html","Lexicography with R","OK"
"litsty","tutorials/litsty/litsty.qmd","10.5281/zenodo.19332904","19332905","litsty.html","https://zenodo.org/records/19332905/files/litsty.html","Computational Literary Stylistics with R","OK"
"llm_privacy","tutorials/llm_privacy/llm_privacy.qmd","10.5281/zenodo.19332910","19332911","localllm_showcase.html","https://zenodo.org/records/19332911/files/localllm_showcase.html","Privacy-Preserving Analysis with Local LLMs: Generating Synthetic Data Proxies","OK"
"mixedmodel","tutorials/mixedmodel/mixedmodel.qmd","10.5281/zenodo.19332912","19332913","mixedmodel.html","https://zenodo.org/records/19332913/files/mixedmodel.html","Mixed-Effects Models in R","OK"
"network_analysis","tutorials/network_analysis/network_analysis.qmd","10.5281/zenodo.19332916","19332917","net.html","https://zenodo.org/records/19332917/files/net.html","Network Analysis using R","OK"
"notebooks","tutorials/notebooks/notebooks.qmd","10.5281/zenodo.19332918","19332919","notebooks.html","https://zenodo.org/records/19332919/files/notebooks.html","R Markdown and Quarto: Creating Reproducible Documents","OK"
"ollamar","tutorials/ollamar/ollamar.qmd","10.5281/zenodo.19332920","19332921","ollamar.html","https://zenodo.org/records/19332921/files/ollamar.html","Local Large Language Models in R with Ollama","OK"
"pdf_to_text","tutorials/pdf_to_text/pdf_to_text.qmd","10.5281/zenodo.19332924","19332925","pdf2txt.html","https://zenodo.org/records/19332925/files/pdf2txt.html","Converting PDFs to Text with R","OK"
"phylogenetic_methods","tutorials/phylogenetic_methods/phylogenetic_methods.qmd","10.5281/zenodo.19332926","19332927","phylogenetic_showcase.html","https://zenodo.org/records/19332927/files/phylogenetic_showcase.html","Practical Phylogenetic Methods for Linguistic Typology","OK"
"pos_tagging","tutorials/pos_tagging/pos_tagging.qmd","10.5281/zenodo.19424870","19424871","pos_tagging.html","https://zenodo.org/records/19424871/files/pos_tagging.html","Part-of-Speech Tagging and Dependency Parsing in R","OK"
"power_analysis","tutorials/power_analysis/power_analysis.qmd","10.5281/zenodo.19332932","19332933","power.html","https://zenodo.org/records/19332933/files/power.html","Power Analysis in R","OK"
"publish","tutorials/publish/publish.qmd","10.5281/zenodo.19332934","19332935","publish.html","https://zenodo.org/records/19332935/files/publish.html","Publishing Free Online Books and Websites with Bookdown and Quarto","OK"
"quant_basics","tutorials/quant_basics/quant_basics.qmd","10.5281/zenodo.19329152","19329153","basicquant.html","https://zenodo.org/records/19329153/files/basicquant.html","Basic Concepts in Quantitative Research","OK"
"quant_intro","tutorials/quant_intro/quant_intro.qmd","10.5281/zenodo.19424873","19424874","quant_intro.html","https://zenodo.org/records/19424874/files/quant_intro.html","Introduction to Quantitative Reasoning: Why We Need Science","OK"
"r_intro","tutorials/r_intro/r_intro.qmd","10.5281/zenodo.19332885","19332886","intror.html","https://zenodo.org/records/19332886/files/intror.html","Getting Started with R and RStudio","OK"
"r_reproducibility","tutorials/r_reproducibility/r_reproducibility.qmd","10.5281/zenodo.19424875","19424876","r_reproducibility.html","https://zenodo.org/records/19424876/files/r_reproducibility.html","Reproducibility with R","OK"
"readability","tutorials/readability/readability.qmd","10.5281/zenodo.19659678","19659679","readability.html","https://zenodo.org/records/19659679/files/readability.html","Readability Analysis in R","OK"
"regression","tutorials/regression/regression.qmd","10.5281/zenodo.19332944","19332945","regression.html","https://zenodo.org/records/19332945/files/regression.html","Regression Analysis: Implementation in R","OK"
"regression_concepts","tutorials/regression_concepts/regression_concepts.qmd","10.5281/zenodo.19332946","19332947","regression_concepts.html","https://zenodo.org/records/19332947/files/regression_concepts.html","Regression Analysis: Conceptual Foundations","OK"
"regular_expressions","tutorials/regular_expressions/regular_expressions.qmd","10.5281/zenodo.19332942","19332943","regex.html","https://zenodo.org/records/19332943/files/regex.html","Regular Expressions in R","OK"
"reinforcement_nlp","tutorials/reinforcement_nlp/reinforcement_nlp.qmd","10.5281/zenodo.19424877","19424878","reinforcement_nlp.html","https://zenodo.org/records/19424878/files/reinforcement_nlp.html","Reinforcement Learning and Text Summarization in R","OK"
"reproducibility","tutorials/reproducibility/reproducibility.qmd","10.5281/zenodo.19332950","19332951","repro.html","https://zenodo.org/records/19332951/files/repro.html","Reproducible Research: Principles and Practice","OK"
"semantic_vectors","tutorials/semantic_vectors/semantic_vectors.qmd","10.5281/zenodo.19424879","19424880","semantic_vectors.html","https://zenodo.org/records/19424880/files/semantic_vectors.html","Semantic Vector Space Models in R","OK"
"sentiment","tutorials/sentiment/sentiment.qmd","10.5281/zenodo.19332958","19332959","sentiment.html","https://zenodo.org/records/19332959/files/sentiment.html","Sentiment Analysis in R","OK"
"speechprocessing","tutorials/speechprocessing/speechprocessing.qmd","10.5281/zenodo.19424881","19424882","speechprocessing.html","https://zenodo.org/records/19424882/files/speechprocessing.html","Speech Processing in R: Transcription and Analysis with Whisper","OK"
"spellcheck","tutorials/spellcheck/spellcheck.qmd","10.5281/zenodo.19332966","19332967","spellcheck.html","https://zenodo.org/records/19332967/files/spellcheck.html","Spell checking text data with R","OK"
"string","tutorials/string/string.qmd","10.5281/zenodo.19332968","19332969","string.html","https://zenodo.org/records/19332969/files/string.html","String Processing in R","OK"
"structural_equations","tutorials/structural_equations/structural_equations.qmd","10.5281/zenodo.19332952","19332953","sem.html","https://zenodo.org/records/19332953/files/sem.html","Structural Equation Modelling in R","OK"
"surveys","tutorials/surveys/surveys.qmd","10.5281/zenodo.19332970","19332971","surveys.html","https://zenodo.org/records/19332971/files/surveys.html","Visualising and Analysing Survey and Questionnaire Data with R","OK"
"table","tutorials/table/table.qmd","10.5281/zenodo.19424883","19424884","table.html","https://zenodo.org/records/19424884/files/table.html","Handling Tables in R","OK"
"text_analysis_intro","tutorials/text_analysis_intro/text_analysis_intro.qmd","10.5281/zenodo.19424885","19424886","text_analysis_intro.html","https://zenodo.org/records/19424886/files/text_analysis_intro.html","Introduction to Text Analysis: Concepts and Foundations","OK"
"text_summarisation","tutorials/text_summarisation/text_summarisation.qmd","10.5281/zenodo.19332984","19332985","txtsum.html","https://zenodo.org/records/19332985/files/txtsum.html","Automated Text Summarisation with R","OK"
"textanalysis","tutorials/textanalysis/textanalysis.qmd","10.5281/zenodo.19332976","19332977","textanalysis.html","https://zenodo.org/records/19332977/files/textanalysis.html","Introduction to Text Analysis: Practical Implementation in R","OK"
"topic","tutorials/topic/topic.qmd","10.5281/zenodo.19332978","19332979","topic.html","https://zenodo.org/records/19332979/files/topic.html","Topic Modelling with R","OK"
"topic_modelling_dickens","tutorials/topic_modelling_dickens/topic_modelling_dickens.qmd","10.5281/zenodo.19424887","19424888","topic_modelling_dickens.html","https://zenodo.org/records/19424888/files/topic_modelling_dickens.html","Topic Modelling of Charles Dickens' Novels","OK"
"tree_models","tutorials/tree_models/tree_models.qmd","10.5281/zenodo.19424889","19424890","tree_models.html","https://zenodo.org/records/19424890/files/tree_models.html","Tree-Based Models in R","OK"
"vowelchart","tutorials/vowelchart/vowelchart.qmd","10.5281/zenodo.19332986","19332987","vowelchart.html","https://zenodo.org/records/19332987/files/vowelchart.html","Creating Vowel Charts in R","OK"
"webscraping","tutorials/webscraping/webscraping.qmd","10.5281/zenodo.19424891","19424892","webscraping.html","https://zenodo.org/records/19424892/files/webscraping.html","Web Scraping with R","OK"
"why_r","tutorials/why_r/why_r.qmd","10.5281/zenodo.19332990","19332991","table.html","https://zenodo.org/records/19332991/files/table.html","Handling Tables in R","OK"
"working_with_computers","tutorials/working_with_computers/working_with_computers.qmd","10.5281/zenodo.19332994","19332995","workingwithcomputers_tutorial.html","https://zenodo.org/records/19332995/files/workingwithcomputers_tutorial.html","Working with Computers: Essential Skills for Researchers","OK"
"workingwithr","tutorials/workingwithr/workingwithr.qmd","10.5281/zenodo.19332998","19332999","workingwithr.html","https://zenodo.org/records/19332999/files/workingwithr.html","Working with R: Control Flow, Functions, and Programming","OK"
