"file","title","status","doi","edit_url"
"tutorials/anova/anova.qmd","ANOVA, MANOVA, and ANCOVA using R","SKIPPED — DOI exists","10.5281/zenodo.19329144",""
"tutorials/bert_roberta/bert_roberta.qmd","BERT and RoBERTa in R: Transformer-Based NLP","SKIPPED — DOI exists","10.5281/zenodo.19332941",""
"tutorials/cluster_analysis/cluster_analysis.qmd","Cluster and Correspondence Analysis in R","SKIPPED — DOI exists","10.5281/zenodo.19329159",""
"tutorials/collocations/collocations.qmd","Analyzing Collocations and N-grams in R","SKIPPED — DOI exists","10.5281/zenodo.19424287",""
"tutorials/conceptmaps/conceptmaps.qmd","Conceptual Maps in R","SKIPPED — DOI exists","10.5281/zenodo.19332087",""
"tutorials/conceptual_maps_comparison/conceptual_maps_comparison.qmd","Comparing Methods for Conceptual Maps","SKIPPED — DOI exists","10.5281/zenodo.19332091",""
"tutorials/concordancing/concordancing.qmd","Finding Words in Text: Concordancing with R","SKIPPED — DOI exists","10.5281/zenodo.19332093",""
"tutorials/corpus_compilation/corpus_compilation.qmd","Compiling a Corpus: From Texts to Analysis-Ready Data","SKIPPED — DOI exists","10.5281/zenodo.19332645",""
"tutorials/corpus_linguistics/corpus_linguistics.qmd","Corpus Linguistics with R","DRAFT CREATED","10.5281/zenodo.19424857","https://zenodo.org/deposit/19424857"
"tutorials/data_loading/data_loading.qmd","Loading and Saving Data in R","SKIPPED — DOI exists","10.5281/zenodo.19332909",""
"tutorials/data_simulation/data_simulation.qmd","Simulating Data with R","SKIPPED — DOI exists","10.5281/zenodo.19332961",""
"tutorials/data_viz_advanced/data_viz_advanced.qmd","Mastering Data Visualization with R","SKIPPED — DOI exists","10.5281/zenodo.19332872",""
"tutorials/data_viz_intro/data_viz_intro.qmd","Introduction to Data Visualization in R","DRAFT CREATED","10.5281/zenodo.19424859","https://zenodo.org/deposit/19424859"
"tutorials/datamanagement/datamanagement.qmd","Introduction to Data Management for Researchers","DRAFT CREATED","10.5281/zenodo.19424861","https://zenodo.org/deposit/19424861"
"tutorials/deep_learning/deep_learning.qmd","Deep Learning with R: Recurrent Neural Networks and TensorFlow","DRAFT CREATED","10.5281/zenodo.19424863","https://zenodo.org/deposit/19424863"
"tutorials/descriptive_stats/descriptive_stats.qmd","Descriptive Statistics with R","SKIPPED — DOI exists","10.5281/zenodo.19332864",""
"tutorials/dimension_reduction/dimension_reduction.qmd","Dimension Reduction Methods with R","SKIPPED — DOI exists","10.5281/zenodo.19332866",""
"tutorials/document_classification/document_classification.qmd","Classifying American Speeches","SKIPPED — DOI exists","10.5281/zenodo.19329146",""
"tutorials/embeddings/embeddings.qmd","Word Embeddings and Vector Semantics","DRAFT CREATED","10.5281/zenodo.19424865","https://zenodo.org/deposit/19424865"
"tutorials/eyetracking/eyetracking.qmd","Processing and Analysing Eye-Tracking Data in R","SKIPPED — DOI exists","10.5281/zenodo.19350403",""
"tutorials/gutenberg/gutenberg.qmd","Downloading Texts from Project Gutenberg using R","DRAFT CREATED","10.5281/zenodo.19424867","https://zenodo.org/deposit/19424867"
"tutorials/inferential_stats/inferential_stats.qmd","Basic Inferential Statistics using R","SKIPPED — DOI exists","10.5281/zenodo.19329155",""
"tutorials/interactive_viz/interactive_viz.qmd","Interactive Visualizations in R","SKIPPED — DOI exists","10.5281/zenodo.19332915",""
"tutorials/jupyter/jupyter.qmd","Creating Interactive Jupyter Notebooks","DRAFT CREATED","10.5281/zenodo.19424869","https://zenodo.org/deposit/19424869"
"tutorials/keywords/keywords.qmd","Keyness and Keyword Analysis in R","SKIPPED — DOI exists","10.5281/zenodo.19332896",""
"tutorials/leaflet/leaflet.qmd","How to create a typological map in R with leaflet","SKIPPED — DOI exists","10.5281/zenodo.19332899",""
"tutorials/learner_language/learner_language.qmd","Analysing Learner Language with R","SKIPPED — DOI exists","10.5281/zenodo.19332907",""
"tutorials/lexical_similarity/lexical_similarity.qmd","Introduction to Lexical Similarity","SKIPPED — DOI exists","10.5281/zenodo.19332903",""
"tutorials/lexicography/lexicography.qmd","Lexicography with R","SKIPPED — DOI exists","10.5281/zenodo.19332901",""
"tutorials/litsty/litsty.qmd","Computational Literary Stylistics with R","SKIPPED — DOI exists","10.5281/zenodo.19332905",""
"tutorials/llm_privacy/llm_privacy.qmd","Privacy-Preserving Analysis with Local LLMs: Generating Synthetic Data Proxies","SKIPPED — DOI exists","10.5281/zenodo.19332911",""
"tutorials/mixedmodel/mixedmodel.qmd","Mixed-Effects Models in R","SKIPPED — DOI exists","10.5281/zenodo.19332913",""
"tutorials/network_analysis/network_analysis.qmd","Network Analysis using R","SKIPPED — DOI exists","10.5281/zenodo.19332917",""
"tutorials/notebooks/notebooks.qmd","R Markdown and Quarto: Creating Reproducible Documents","SKIPPED — DOI exists","10.5281/zenodo.19332919",""
"tutorials/ollamar/ollamar.qmd","Local Large Language Models in R with Ollama","SKIPPED — DOI exists","10.5281/zenodo.19332921",""
"tutorials/pdf_to_text/pdf_to_text.qmd","Converting PDFs to Text with R","SKIPPED — DOI exists","10.5281/zenodo.19332925",""
"tutorials/phylogenetic_methods/phylogenetic_methods.qmd","Practical Phylogenetic Methods for Linguistic Typology","SKIPPED — DOI exists","10.5281/zenodo.19332927",""
"tutorials/pos_tagging/pos_tagging.qmd","Part-of-Speech Tagging and Dependency Parsing in R","DRAFT CREATED","10.5281/zenodo.19424871","https://zenodo.org/deposit/19424871"
"tutorials/power_analysis/power_analysis.qmd","Power Analysis in R","SKIPPED — DOI exists","10.5281/zenodo.19332933",""
"tutorials/publish/publish.qmd","Publishing Free Online Books and Websites with Bookdown and Quarto","SKIPPED — DOI exists","10.5281/zenodo.19332935",""
"tutorials/quant_basics/quant_basics.qmd","Basic Concepts in Quantitative Research","SKIPPED — DOI exists","10.5281/zenodo.19329153",""
"tutorials/quant_intro/quant_intro.qmd","Introduction to Quantitative Reasoning: Why We Need Science","DRAFT CREATED","10.5281/zenodo.19424874","https://zenodo.org/deposit/19424874"
"tutorials/r_intro/r_intro.qmd","Getting Started with R and RStudio","SKIPPED — DOI exists","10.5281/zenodo.19332886",""
"tutorials/r_reproducibility/r_reproducibility.qmd","Reproducibility with R","DRAFT CREATED","10.5281/zenodo.19424876","https://zenodo.org/deposit/19424876"
"tutorials/regression/regression.qmd","Regression Analysis: Implementation in R","SKIPPED — DOI exists","10.5281/zenodo.19332945",""
"tutorials/regression_concepts/regression_concepts.qmd","Regression Analysis: Conceptual Foundations","SKIPPED — DOI exists","10.5281/zenodo.19332947",""
"tutorials/regular_expressions/regular_expressions.qmd","Regular Expressions in R","SKIPPED — DOI exists","10.5281/zenodo.19332943",""
"tutorials/reinforcement_nlp/reinforcement_nlp.qmd","Reinforcement Learning and Text Summarization in R","DRAFT CREATED","10.5281/zenodo.19424878","https://zenodo.org/deposit/19424878"
"tutorials/reproducibility/reproducibility.qmd","Reproducible Research: Principles and Practice","SKIPPED — DOI exists","10.5281/zenodo.19332951",""
"tutorials/semantic_vectors/semantic_vectors.qmd","Semantic Vector Space Models in R","DRAFT CREATED","10.5281/zenodo.19424880","https://zenodo.org/deposit/19424880"
"tutorials/sentiment/sentiment.qmd","Sentiment Analysis in R","SKIPPED — DOI exists","10.5281/zenodo.19332959",""
"tutorials/speechprocessing/speechprocessing.qmd","Speech Processing in R: Transcription and Analysis with Whisper","DRAFT CREATED","10.5281/zenodo.19424882","https://zenodo.org/deposit/19424882"
"tutorials/spellcheck/spellcheck.qmd","Spell checking text data with R","SKIPPED — DOI exists","10.5281/zenodo.19332967",""
"tutorials/string/string.qmd","String Processing in R","SKIPPED — DOI exists","10.5281/zenodo.19332969",""
"tutorials/structural_equations/structural_equations.qmd","Structural Equation Modelling in R","SKIPPED — DOI exists","10.5281/zenodo.19332953",""
"tutorials/surveys/surveys.qmd","Visualising and Analysing Survey and Questionnaire Data with R","SKIPPED — DOI exists","10.5281/zenodo.19332971",""
"tutorials/table/table.qmd","Handling Tables in R","DRAFT CREATED","10.5281/zenodo.19424884","https://zenodo.org/deposit/19424884"
"tutorials/text_analysis_intro/text_analysis_intro.qmd","Introduction to Text Analysis: Concepts and Foundations","DRAFT CREATED","10.5281/zenodo.19424886","https://zenodo.org/deposit/19424886"
"tutorials/text_summarisation/text_summarisation.qmd","Automated Text Summarisation with R","SKIPPED — DOI exists","10.5281/zenodo.19332985",""
"tutorials/textanalysis/textanalysis.qmd","Introduction to Text Analysis: Practical Implementation in R","SKIPPED — DOI exists","10.5281/zenodo.19332977",""
"tutorials/topic/topic.qmd","Topic Modelling with R","SKIPPED — DOI exists","10.5281/zenodo.19332979",""
"tutorials/topic_modelling_dickens/topic_modelling_dickens.qmd","Topic Modelling of Charles Dickens' Novels","DRAFT CREATED","10.5281/zenodo.19424888","https://zenodo.org/deposit/19424888"
"tutorials/tree_models/tree_models.qmd","Tree-Based Models in R","DRAFT CREATED","10.5281/zenodo.19424890","https://zenodo.org/deposit/19424890"
"tutorials/vowelchart/vowelchart.qmd","Creating Vowel Charts in R","SKIPPED — DOI exists","10.5281/zenodo.19332987",""
"tutorials/webscraping/webscraping.qmd","Web Scraping with R","DRAFT CREATED","10.5281/zenodo.19424892","https://zenodo.org/deposit/19424892"
"tutorials/why_r/why_r.qmd","Why R?","SKIPPED — DOI exists","10.5281/zenodo.19332991",""
"tutorials/working_with_computers/working_with_computers.qmd","Working with Computers: Essential Skills for Researchers","SKIPPED — DOI exists","10.5281/zenodo.19332995",""
"tutorials/workingwithr/workingwithr.qmd","Working with R: Control Flow, Functions, and Programming","SKIPPED — DOI exists","10.5281/zenodo.19332999",""
