"tutorial","package","session_found"
"anova","pwr",TRUE
"anova","psych",TRUE
"anova","cowplot",TRUE
"anova","broom",TRUE
"anova","rstatix",TRUE
"anova","ggpubr",TRUE
"anova","car",TRUE
"anova","carData",TRUE
"anova","emmeans",TRUE
"anova","report",TRUE
"anova","effectsize",TRUE
"anova","flextable",TRUE
"anova","tidyr",TRUE
"anova","ggplot2",TRUE
"anova","dplyr",TRUE
"anova","checkdown",TRUE
"bert_roberta","purrr",TRUE
"bert_roberta","tidyr",TRUE
"bert_roberta","stringr",TRUE
"bert_roberta","tibble",TRUE
"bert_roberta","flextable",TRUE
"bert_roberta","ggplot2",TRUE
"bert_roberta","dplyr",TRUE
"bert_roberta","text",TRUE
"bert_roberta","reticulate",TRUE
"bert_roberta","checkdown",TRUE
"cluster_analysis","checkdown",TRUE
"cluster_analysis","exact2x2",TRUE
"cluster_analysis","exactci",TRUE
"cluster_analysis","testthat",TRUE
"cluster_analysis","ssanv",TRUE
"cluster_analysis","vcd",TRUE
"cluster_analysis","lubridate",TRUE
"cluster_analysis","forcats",TRUE
"cluster_analysis","stringr",TRUE
"cluster_analysis","dplyr",TRUE
"cluster_analysis","purrr",TRUE
"cluster_analysis","readr",TRUE
"cluster_analysis","tidyr",TRUE
"cluster_analysis","tidyverse",TRUE
"cluster_analysis","tibble",TRUE
"cluster_analysis","seriation",TRUE
"cluster_analysis","pvclust",TRUE
"cluster_analysis","gplots",TRUE
"cluster_analysis","FactoMineR",TRUE
"cluster_analysis","factoextra",TRUE
"cluster_analysis","ggplot2",TRUE
"cluster_analysis","cluster",TRUE
"cluster_analysis","ape",TRUE
"cluster_analysis","flextable",TRUE
"collocations","cowplot",TRUE
"collocations","Matrix",TRUE
"collocations","igraph",TRUE
"collocations","ggdendro",TRUE
"collocations","GGally",TRUE
"collocations","factoextra",TRUE
"collocations","FactoMineR",TRUE
"collocations","tidytext",TRUE
"collocations","quanteda",TRUE
"collocations","tokenizers",TRUE
"collocations","flextable",TRUE
"collocations","lubridate",TRUE
"collocations","forcats",TRUE
"collocations","stringr",TRUE
"collocations","dplyr",TRUE
"collocations","purrr",TRUE
"collocations","readr",TRUE
"collocations","tidyr",TRUE
"collocations","tibble",TRUE
"collocations","ggplot2",TRUE
"collocations","tidyverse",TRUE
"collocations","checkdown",TRUE
"conceptmaps","viridis",TRUE
"conceptmaps","viridisLite",TRUE
"conceptmaps","RColorBrewer",TRUE
"conceptmaps","ggrepel",TRUE
"conceptmaps","flextable",TRUE
"conceptmaps","text2vec",TRUE
"conceptmaps","smacof",TRUE
"conceptmaps","e1071",TRUE
"conceptmaps","colorspace",TRUE
"conceptmaps","plotrix",TRUE
"conceptmaps","Matrix",TRUE
"conceptmaps","widyr",TRUE
"conceptmaps","qgraph",TRUE
"conceptmaps","ggraph",TRUE
"conceptmaps","igraph",TRUE
"conceptmaps","gutenbergr",TRUE
"conceptmaps","tidytext",TRUE
"conceptmaps","lubridate",TRUE
"conceptmaps","forcats",TRUE
"conceptmaps","stringr",TRUE
"conceptmaps","dplyr",TRUE
"conceptmaps","purrr",TRUE
"conceptmaps","readr",TRUE
"conceptmaps","tidyr",TRUE
"conceptmaps","tibble",TRUE
"conceptmaps","ggplot2",TRUE
"conceptmaps","tidyverse",TRUE
"conceptual_maps_comparison","ForceAtlas2",TRUE
"conceptual_maps_comparison","wordVectors",TRUE
"conceptual_maps_comparison","uwot",TRUE
"conceptual_maps_comparison","Matrix",TRUE
"conceptual_maps_comparison","scales",TRUE
"conceptual_maps_comparison","htmlwidgets",TRUE
"conceptual_maps_comparison","plotly",TRUE
"conceptual_maps_comparison","Rtsne",TRUE
"conceptual_maps_comparison","reshape2",TRUE
"conceptual_maps_comparison","ggrepel",TRUE
"conceptual_maps_comparison","tidytext",TRUE
"conceptual_maps_comparison","lubridate",TRUE
"conceptual_maps_comparison","forcats",TRUE
"conceptual_maps_comparison","stringr",TRUE
"conceptual_maps_comparison","dplyr",TRUE
"conceptual_maps_comparison","purrr",TRUE
"conceptual_maps_comparison","readr",TRUE
"conceptual_maps_comparison","tidyr",TRUE
"conceptual_maps_comparison","tibble",TRUE
"conceptual_maps_comparison","ggplot2",TRUE
"conceptual_maps_comparison","tidyverse",TRUE
"conceptual_maps_comparison","igraph",TRUE
"concordancing","ggplot2",TRUE
"concordancing","tidyr",TRUE
"concordancing","flextable",TRUE
"concordancing","here",TRUE
"concordancing","writexl",TRUE
"concordancing","stringr",TRUE
"concordancing","dplyr",TRUE
"concordancing","quanteda",TRUE
"concordancing","checkdown",TRUE
"corpus_compilation","checkdown",TRUE
"corpus_linguistics","cfa",TRUE
"corpus_linguistics","quanteda",TRUE
"corpus_linguistics","flextable",TRUE
"corpus_linguistics","ggplot2",TRUE
"corpus_linguistics","here",TRUE
"corpus_linguistics","stringr",TRUE
"corpus_linguistics","tidyr",TRUE
"corpus_linguistics","dplyr",TRUE
"data_loading","officer",TRUE
"data_loading","ggplot2",TRUE
"data_loading","purrr",TRUE
"data_loading","stringr",TRUE
"data_loading","tidyr",TRUE
"data_loading","dplyr",TRUE
"data_loading","xml2",TRUE
"data_loading","jsonlite",TRUE
"data_loading","writexl",TRUE
"data_loading","readxl",TRUE
"data_loading","openxlsx",TRUE
"data_loading","readr",TRUE
"data_loading","here",TRUE
"data_simulation","lme4",TRUE
"data_simulation","Matrix",TRUE
"data_simulation","MASS",TRUE
"data_simulation","ggplot2",TRUE
"data_simulation","purrr",TRUE
"data_simulation","stringr",TRUE
"data_simulation","tidyr",TRUE
"data_simulation","dplyr",TRUE
"data_viz_advanced","quanteda.textplots",TRUE
"data_viz_advanced","quanteda",TRUE
"data_viz_advanced","vcd",TRUE
"data_viz_advanced","viridis",TRUE
"data_viz_advanced","viridisLite",TRUE
"data_viz_advanced","scales",TRUE
"data_viz_advanced","EnvStats",TRUE
"data_viz_advanced","ggridges",TRUE
"data_viz_advanced","ggstats",TRUE
"data_viz_advanced","ggflags",TRUE
"data_viz_advanced","patchwork",TRUE
"data_viz_advanced","hexbin",TRUE
"data_viz_advanced","flextable",TRUE
"data_viz_advanced","tidyr",TRUE
"data_viz_advanced","ggplot2",TRUE
"data_viz_advanced","stringr",TRUE
"data_viz_advanced","dplyr",TRUE
"data_viz_advanced","checkdown",TRUE
"data_viz_intro","RColorBrewer",TRUE
"data_viz_intro","flextable",TRUE
"data_viz_intro","tidyr",TRUE
"data_viz_intro","stringr",TRUE
"data_viz_intro","dplyr",TRUE
"data_viz_intro","gridExtra",TRUE
"data_viz_intro","vip",TRUE
"data_viz_intro","ggplot2",TRUE
"datamanagement","checkdown",TRUE
"deep_learning","glue",TRUE
"deep_learning","lubridate",TRUE
"deep_learning","forcats",TRUE
"deep_learning","stringr",TRUE
"deep_learning","dplyr",TRUE
"deep_learning","purrr",TRUE
"deep_learning","readr",TRUE
"deep_learning","tidyr",TRUE
"deep_learning","tibble",TRUE
"deep_learning","ggplot2",TRUE
"deep_learning","tidyverse",TRUE
"deep_learning","keras3",TRUE
"descriptive_stats","effectsize",TRUE
"descriptive_stats","e1071",TRUE
"descriptive_stats","cowplot",TRUE
"descriptive_stats","Rmisc",TRUE
"descriptive_stats","plyr",TRUE
"descriptive_stats","lattice",TRUE
"descriptive_stats","psych",TRUE
"descriptive_stats","flextable",TRUE
"descriptive_stats","ggpubr",TRUE
"descriptive_stats","DescTools",TRUE
"descriptive_stats","boot",TRUE
"descriptive_stats","stringr",TRUE
"descriptive_stats","ggplot2",TRUE
"descriptive_stats","dplyr",TRUE
"descriptive_stats","checkdown",TRUE
"dimension_reduction","psych",TRUE
"dimension_reduction","report",TRUE
"dimension_reduction","factoextra",TRUE
"dimension_reduction","ggplot2",TRUE
"dimension_reduction","MASS",TRUE
"dimension_reduction","tidyr",TRUE
"dimension_reduction","stringr",TRUE
"dimension_reduction","flextable",TRUE
"dimension_reduction","dplyr",TRUE
"dimension_reduction","checkdown",TRUE
"document_classification","ggplot2",TRUE
"document_classification","stopwords",TRUE
"document_classification","quanteda.textmodels",TRUE
"document_classification","quanteda",TRUE
"embeddings","checkdown",TRUE
"embeddings","flextable",TRUE
"embeddings","here",TRUE
"embeddings","Rtsne",TRUE
"embeddings","ggrepel",TRUE
"embeddings","ggplot2",TRUE
"embeddings","purrr",TRUE
"embeddings","tidyr",TRUE
"embeddings","stringr",TRUE
"embeddings","dplyr",TRUE
"embeddings","text2vec",TRUE
"embeddings","word2vec",TRUE
"eyetracking","here",TRUE
"eyetracking","sjPlot",TRUE
"eyetracking","lme4",TRUE
"eyetracking","Matrix",TRUE
"eyetracking","itsadug",TRUE
"eyetracking","plotfunctions",TRUE
"eyetracking","mgcv",TRUE
"eyetracking","nlme",TRUE
"eyetracking","data.table",TRUE
"eyetracking","eyetrackingR",TRUE
"eyetracking","lubridate",TRUE
"eyetracking","forcats",TRUE
"eyetracking","stringr",TRUE
"eyetracking","dplyr",TRUE
"eyetracking","purrr",TRUE
"eyetracking","readr",TRUE
"eyetracking","tidyr",TRUE
"eyetracking","tibble",TRUE
"eyetracking","ggplot2",TRUE
"eyetracking","tidyverse",TRUE
"eyetracking","checkdown",TRUE
"gutenberg","flextable",TRUE
"gutenberg","DT",TRUE
"gutenberg","gutenbergr",TRUE
"gutenberg","lubridate",TRUE
"gutenberg","forcats",TRUE
"gutenberg","stringr",TRUE
"gutenberg","dplyr",TRUE
"gutenberg","purrr",TRUE
"gutenberg","readr",TRUE
"gutenberg","tidyr",TRUE
"gutenberg","tibble",TRUE
"gutenberg","ggplot2",TRUE
"gutenberg","tidyverse",TRUE
"inferential_stats","report",TRUE
"inferential_stats","effectsize",TRUE
"inferential_stats","cfa",TRUE
"inferential_stats","gridExtra",TRUE
"inferential_stats","fGarch",TRUE
"inferential_stats","lawstat",TRUE
"inferential_stats","e1071",TRUE
"inferential_stats","flextable",TRUE
"inferential_stats","tidyr",TRUE
"inferential_stats","ggplot2",TRUE
"inferential_stats","dplyr",TRUE
"inferential_stats","checkdown",TRUE
"interactive_viz","rnaturalearthdata",TRUE
"interactive_viz","rnaturalearth",TRUE
"interactive_viz","sf",TRUE
"interactive_viz","flextable",TRUE
"interactive_viz","DT",TRUE
"interactive_viz","leaflet",TRUE
"interactive_viz","plotly",TRUE
"interactive_viz","gapminder",TRUE
"interactive_viz","gganimate",TRUE
"interactive_viz","ggplot2",TRUE
"interactive_viz","tidyr",TRUE
"interactive_viz","dplyr",TRUE
"interactive_viz","checkdown",TRUE
"jupyter","flextable",TRUE
"jupyter","rmd2jupyter",TRUE
"jupyter","devtools",TRUE
"jupyter","usethis",TRUE
"keywords","ggplot2",TRUE
"keywords","tm",TRUE
"keywords","NLP",TRUE
"keywords","tidyr",TRUE
"keywords","stringr",TRUE
"keywords","dplyr",TRUE
"keywords","quanteda.textplots",TRUE
"keywords","quanteda",TRUE
"keywords","Matrix",TRUE
"keywords","flextable",TRUE
"keywords","checkdown",TRUE
"leaflet","leaflet",TRUE
"leaflet","flextable",TRUE
"leaflet","lubridate",TRUE
"leaflet","forcats",TRUE
"leaflet","stringr",TRUE
"leaflet","dplyr",TRUE
"leaflet","purrr",TRUE
"leaflet","readr",TRUE
"leaflet","tidyr",TRUE
"leaflet","tibble",TRUE
"leaflet","ggplot2",TRUE
"leaflet","tidyverse",TRUE
"learner_language","slam",TRUE
"learner_language","Matrix",TRUE
"learner_language","tokenizers",TRUE
"learner_language","wordcloud2",TRUE
"learner_language","hunspell",TRUE
"learner_language","stringi",TRUE
"learner_language","koRpus",TRUE
"learner_language","sylly",TRUE
"learner_language","quanteda.textplots",TRUE
"learner_language","quanteda.textstats",TRUE
"learner_language","quanteda",TRUE
"learner_language","udpipe",TRUE
"learner_language","tidytext",TRUE
"learner_language","flextable",TRUE
"learner_language","lubridate",TRUE
"learner_language","forcats",TRUE
"learner_language","stringr",TRUE
"learner_language","dplyr",TRUE
"learner_language","purrr",TRUE
"learner_language","readr",TRUE
"learner_language","tidyr",TRUE
"learner_language","tibble",TRUE
"learner_language","ggplot2",TRUE
"learner_language","tidyverse",TRUE
"learner_language","checkdown",TRUE
"lexical_similarity","lubridate",TRUE
"lexical_similarity","forcats",TRUE
"lexical_similarity","stringr",TRUE
"lexical_similarity","dplyr",TRUE
"lexical_similarity","purrr",TRUE
"lexical_similarity","readr",TRUE
"lexical_similarity","tidyr",TRUE
"lexical_similarity","tibble",TRUE
"lexical_similarity","ggplot2",TRUE
"lexical_similarity","tidyverse",TRUE
"lexical_similarity","hashr",TRUE
"lexical_similarity","stringdist",TRUE
"lexicography","plyr",TRUE
"lexicography","flextable",TRUE
"lexicography","coop",TRUE
"lexicography","tidyr",TRUE
"lexicography","tidytext",TRUE
"lexicography","udpipe",TRUE
"lexicography","stringr",TRUE
"lexicography","dplyr",TRUE
"lexicography","checkdown",TRUE
"litsty","ggrepel",TRUE
"litsty","udpipe",TRUE
"litsty","lexRankr",TRUE
"litsty","flextable",TRUE
"litsty","quanteda.textplots",TRUE
"litsty","quanteda.textstats",TRUE
"litsty","quanteda",TRUE
"litsty","tidytext",TRUE
"litsty","lubridate",TRUE
"litsty","forcats",TRUE
"litsty","stringr",TRUE
"litsty","dplyr",TRUE
"litsty","purrr",TRUE
"litsty","readr",TRUE
"litsty","tidyr",TRUE
"litsty","tibble",TRUE
"litsty","ggplot2",TRUE
"litsty","tidyverse",TRUE
"llm_privacy","synthpop",TRUE
"llm_privacy","tidyr",TRUE
"llm_privacy","ggplot2",TRUE
"llm_privacy","jsonlite",TRUE
"llm_privacy","flextable",TRUE
"llm_privacy","purrr",TRUE
"llm_privacy","readr",TRUE
"llm_privacy","stringr",TRUE
"llm_privacy","tibble",TRUE
"llm_privacy","dplyr",TRUE
"llm_privacy","ollamar",TRUE
"llm_privacy","checkdown",TRUE
"mixedmodel","tidyr",TRUE
"mixedmodel","report",TRUE
"mixedmodel","see",TRUE
"mixedmodel","performance",TRUE
"mixedmodel","gridExtra",TRUE
"mixedmodel","vcd",TRUE
"mixedmodel","tibble",TRUE
"mixedmodel","stringr",TRUE
"mixedmodel","sjPlot",TRUE
"mixedmodel","robustbase",TRUE
"mixedmodel","rms",TRUE
"mixedmodel","ordinal",TRUE
"mixedmodel","nlme",TRUE
"mixedmodel","MuMIn",TRUE
"mixedmodel","mclogit",TRUE
"mixedmodel","MASS",TRUE
"mixedmodel","lme4",TRUE
"mixedmodel","Matrix",TRUE
"mixedmodel","knitr",TRUE
"mixedmodel","Hmisc",TRUE
"mixedmodel","ggfortify",TRUE
"mixedmodel","glmulti",TRUE
"mixedmodel","leaps",TRUE
"mixedmodel","rJava",TRUE
"mixedmodel","emmeans",TRUE
"mixedmodel","effects",TRUE
"mixedmodel","car",TRUE
"mixedmodel","carData",TRUE
"mixedmodel","Boruta",TRUE
"mixedmodel","vip",TRUE
"mixedmodel","ggpubr",TRUE
"mixedmodel","ggplot2",TRUE
"mixedmodel","flextable",TRUE
"mixedmodel","dplyr",TRUE
"network_analysis","visNetwork",TRUE
"network_analysis","ggrepel",TRUE
"network_analysis","lubridate",TRUE
"network_analysis","forcats",TRUE
"network_analysis","stringr",TRUE
"network_analysis","dplyr",TRUE
"network_analysis","purrr",TRUE
"network_analysis","readr",TRUE
"network_analysis","tidyr",TRUE
"network_analysis","tibble",TRUE
"network_analysis","tidyverse",TRUE
"network_analysis","tidygraph",TRUE
"network_analysis","quanteda.textplots",TRUE
"network_analysis","quanteda",TRUE
"network_analysis","Matrix",TRUE
"network_analysis","igraph",TRUE
"network_analysis","ggraph",TRUE
"network_analysis","GGally",TRUE
"network_analysis","ggplot2",TRUE
"network_analysis","flextable",TRUE
"network_analysis","checkdown",TRUE
"notebooks","flextable",TRUE
"notebooks","rmarkdown",TRUE
"notebooks","lubridate",TRUE
"notebooks","forcats",TRUE
"notebooks","stringr",TRUE
"notebooks","dplyr",TRUE
"notebooks","purrr",TRUE
"notebooks","readr",TRUE
"notebooks","tidyr",TRUE
"notebooks","tibble",TRUE
"notebooks","ggplot2",TRUE
"notebooks","tidyverse",TRUE
"notebooks","knitr",TRUE
"ollamar","httr2",TRUE
"ollamar","flextable",TRUE
"ollamar","ggplot2",TRUE
"ollamar","stringr",TRUE
"ollamar","tibble",TRUE
"ollamar","purrr",TRUE
"ollamar","dplyr",TRUE
"ollamar","ollamar",TRUE
"ollamar","checkdown",TRUE
"pdf_to_text","flextable",TRUE
"pdf_to_text","hunspell",TRUE
"pdf_to_text","here",TRUE
"pdf_to_text","lubridate",TRUE
"pdf_to_text","forcats",TRUE
"pdf_to_text","stringr",TRUE
"pdf_to_text","dplyr",TRUE
"pdf_to_text","purrr",TRUE
"pdf_to_text","readr",TRUE
"pdf_to_text","tidyr",TRUE
"pdf_to_text","tibble",TRUE
"pdf_to_text","ggplot2",TRUE
"pdf_to_text","tidyverse",TRUE
"pdf_to_text","tesseract",TRUE
"pdf_to_text","pdftools",TRUE
"phylogenetic_methods","phyloWeights",TRUE
"phylogenetic_methods","glottoTrees",TRUE
"phylogenetic_methods","flextable",TRUE
"phylogenetic_methods","dplyr",TRUE
"phylogenetic_methods","ape",TRUE
"phylogenetic_methods","checkdown",TRUE
"pos_tagging","textplot",TRUE
"pos_tagging","here",TRUE
"pos_tagging","cleanNLP",TRUE
"pos_tagging","udpipe",TRUE
"pos_tagging","purrr",TRUE
"pos_tagging","ggplot2",TRUE
"pos_tagging","tidyr",TRUE
"pos_tagging","stringr",TRUE
"pos_tagging","dplyr",TRUE
"pos_tagging","flextable",TRUE
"pos_tagging","checkdown",TRUE
"power_analysis","DescTools",TRUE
"power_analysis","flextable",TRUE
"power_analysis","simr",TRUE
"power_analysis","sjPlot",TRUE
"power_analysis","WebPower",TRUE
"power_analysis","PearsonDS",TRUE
"power_analysis","lavaan",TRUE
"power_analysis","lme4",TRUE
"power_analysis","Matrix",TRUE
"power_analysis","MASS",TRUE
"power_analysis","pwr",TRUE
"power_analysis","lubridate",TRUE
"power_analysis","forcats",TRUE
"power_analysis","stringr",TRUE
"power_analysis","dplyr",TRUE
"power_analysis","purrr",TRUE
"power_analysis","readr",TRUE
"power_analysis","tidyr",TRUE
"power_analysis","tibble",TRUE
"power_analysis","ggplot2",TRUE
"power_analysis","tidyverse",TRUE
"power_analysis","effectsize",TRUE
"power_analysis","checkdown",TRUE
"publish","flextable",TRUE
"quant_basics","cowplot",TRUE
"quant_basics","ggpubr",TRUE
"quant_basics","e1071",TRUE
"quant_basics","flextable",TRUE
"quant_basics","lubridate",TRUE
"quant_basics","forcats",TRUE
"quant_basics","stringr",TRUE
"quant_basics","dplyr",TRUE
"quant_basics","purrr",TRUE
"quant_basics","readr",TRUE
"quant_basics","tidyr",TRUE
"quant_basics","tibble",TRUE
"quant_basics","ggplot2",TRUE
"quant_basics","tidyverse",TRUE
"quant_basics","checkdown",TRUE
"quant_intro","cowplot",TRUE
"quant_intro","ggplot2",TRUE
"quant_intro","checkdown",TRUE
"r_intro","here",TRUE
"r_intro","flextable",TRUE
"r_intro","tidyr",TRUE
"r_intro","ggplot2",TRUE
"r_intro","dplyr",TRUE
"r_intro","checkdown",TRUE
"r_reproducibility","flextable",TRUE
"r_reproducibility","checkdown",TRUE
"r_reproducibility","gapminder",TRUE
"r_reproducibility","lubridate",TRUE
"r_reproducibility","forcats",TRUE
"r_reproducibility","stringr",TRUE
"r_reproducibility","dplyr",TRUE
"r_reproducibility","purrr",TRUE
"r_reproducibility","readr",TRUE
"r_reproducibility","tibble",TRUE
"r_reproducibility","ggplot2",TRUE
"r_reproducibility","tidyverse",TRUE
"r_reproducibility","tidyr",TRUE
"r_reproducibility","here",TRUE
"r_reproducibility","DT",TRUE
"r_reproducibility","kableExtra",TRUE
"r_reproducibility","knitr",TRUE
"readability","checkdown",TRUE
"readability","flextable",TRUE
"readability","ggplot2",TRUE
"readability","tidyr",TRUE
"readability","dplyr",TRUE
"readability","koRpus.lang.en",TRUE
"readability","koRpus",TRUE
"readability","sylly",TRUE
"readability","quanteda.textstats",TRUE
"readability","quanteda",TRUE
"regression","brant",TRUE
"regression","caret",TRUE
"regression","lattice",TRUE
"regression","report",TRUE
"regression","effectsize",TRUE
"regression","cowplot",TRUE
"regression","checkdown",TRUE
"regression","lubridate",TRUE
"regression","forcats",TRUE
"regression","purrr",TRUE
"regression","readr",TRUE
"regression","tidyr",TRUE
"regression","tidyverse",TRUE
"regression","see",TRUE
"regression","performance",TRUE
"regression","gridExtra",TRUE
"regression","vcd",TRUE
"regression","tibble",TRUE
"regression","stringr",TRUE
"regression","sjPlot",TRUE
"regression","robustbase",TRUE
"regression","rms",TRUE
"regression","ordinal",TRUE
"regression","nlme",TRUE
"regression","MuMIn",TRUE
"regression","mclogit",TRUE
"regression","MASS",TRUE
"regression","lme4",TRUE
"regression","Matrix",TRUE
"regression","knitr",TRUE
"regression","Hmisc",TRUE
"regression","ggfortify",TRUE
"regression","glmulti",TRUE
"regression","leaps",TRUE
"regression","rJava",TRUE
"regression","emmeans",TRUE
"regression","effects",TRUE
"regression","car",TRUE
"regression","carData",TRUE
"regression","Boruta",TRUE
"regression","vip",TRUE
"regression","ggpubr",TRUE
"regression","ggplot2",TRUE
"regression","flextable",TRUE
"regression","dplyr",TRUE
"regression_concepts","cowplot",TRUE
"regression_concepts","lubridate",TRUE
"regression_concepts","forcats",TRUE
"regression_concepts","stringr",TRUE
"regression_concepts","dplyr",TRUE
"regression_concepts","purrr",TRUE
"regression_concepts","readr",TRUE
"regression_concepts","tidyr",TRUE
"regression_concepts","tibble",TRUE
"regression_concepts","ggplot2",TRUE
"regression_concepts","tidyverse",TRUE
"regression_concepts","checkdown",TRUE
"regular_expressions","flextable",TRUE
"regular_expressions","dplyr",TRUE
"regular_expressions","stringr",TRUE
"regular_expressions","checkdown",TRUE
"reinforcement_nlp","rvest",TRUE
"reinforcement_nlp","textrank",TRUE
"reinforcement_nlp","lubridate",TRUE
"reinforcement_nlp","forcats",TRUE
"reinforcement_nlp","stringr",TRUE
"reinforcement_nlp","dplyr",TRUE
"reinforcement_nlp","purrr",TRUE
"reinforcement_nlp","readr",TRUE
"reinforcement_nlp","tidyr",TRUE
"reinforcement_nlp","tibble",TRUE
"reinforcement_nlp","ggplot2",TRUE
"reinforcement_nlp","tidyverse",TRUE
"reinforcement_nlp","tidytext",TRUE
"reproducibility","checkdown",TRUE
"semantic_vectors","tidytext",TRUE
"semantic_vectors","gutenbergr",TRUE
"semantic_vectors","purrr",TRUE
"semantic_vectors","tibble",TRUE
"semantic_vectors","stringr",TRUE
"semantic_vectors","umap",TRUE
"semantic_vectors","Rtsne",TRUE
"semantic_vectors","text2vec",TRUE
"semantic_vectors","RColorBrewer",TRUE
"semantic_vectors","pheatmap",TRUE
"semantic_vectors","ggraph",TRUE
"semantic_vectors","igraph",TRUE
"semantic_vectors","flextable",TRUE
"semantic_vectors","factoextra",TRUE
"semantic_vectors","cluster",TRUE
"semantic_vectors","ggrepel",TRUE
"semantic_vectors","ggplot2",TRUE
"semantic_vectors","tidyr",TRUE
"semantic_vectors","dplyr",TRUE
"semantic_vectors","coop",TRUE
"sentiment","lubridate",TRUE
"sentiment","forcats",TRUE
"sentiment","purrr",TRUE
"sentiment","readr",TRUE
"sentiment","tidyverse",TRUE
"sentiment","checkdown",TRUE
"sentiment","syuzhet",TRUE
"sentiment","zoo",TRUE
"sentiment","tidytext",TRUE
"sentiment","tidyr",TRUE
"sentiment","tibble",TRUE
"sentiment","textdata",TRUE
"sentiment","stringr",TRUE
"sentiment","sentimentr",TRUE
"sentiment","Hmisc",TRUE
"sentiment","ggplot2",TRUE
"sentiment","flextable",TRUE
"sentiment","dplyr",TRUE
"speechprocessing","here",TRUE
"speechprocessing","audio.whisper",TRUE
"speechprocessing","flextable",TRUE
"speechprocessing","checkdown",TRUE
"speechprocessing","ggplot2",TRUE
"speechprocessing","dplyr",TRUE
"speechprocessing","reticulate",TRUE
"speechprocessing","seewave",TRUE
"speechprocessing","tuneR",TRUE
"spellcheck","flextable",TRUE
"spellcheck","hunspell",TRUE
"spellcheck","quanteda",TRUE
"spellcheck","stringr",TRUE
"spellcheck","dplyr",TRUE
"string","flextable",TRUE
"string","here",TRUE
"string","checkdown",TRUE
"string","udpipe",TRUE
"string","tm",TRUE
"string","NLP",TRUE
"string","quanteda",TRUE
"string","lubridate",TRUE
"string","forcats",TRUE
"string","stringr",TRUE
"string","dplyr",TRUE
"string","purrr",TRUE
"string","readr",TRUE
"string","tidyr",TRUE
"string","tibble",TRUE
"string","ggplot2",TRUE
"string","tidyverse",TRUE
"structural_equations","psych",TRUE
"structural_equations","semTools",TRUE
"structural_equations","semPlot",TRUE
"structural_equations","lavaan",TRUE
"structural_equations","flextable",TRUE
"structural_equations","tidyr",TRUE
"structural_equations","ggplot2",TRUE
"structural_equations","dplyr",TRUE
"structural_equations","checkdown",TRUE
"surveys","brant",TRUE
"surveys","GPArotation",TRUE
"surveys","checkdown",TRUE
"surveys","ufs",TRUE
"surveys","devtools",TRUE
"surveys","usethis",TRUE
"surveys","flextable",TRUE
"surveys","here",TRUE
"surveys","viridis",TRUE
"surveys","viridisLite",TRUE
"surveys","psych",TRUE
"surveys","MASS",TRUE
"surveys","likert",TRUE
"surveys","xtable",TRUE
"surveys","lubridate",TRUE
"surveys","forcats",TRUE
"surveys","stringr",TRUE
"surveys","dplyr",TRUE
"surveys","purrr",TRUE
"surveys","readr",TRUE
"surveys","tidyr",TRUE
"surveys","tibble",TRUE
"surveys","ggplot2",TRUE
"surveys","tidyverse",TRUE
"surveys","lattice",TRUE
"surveys","knitr",TRUE
"table","checkdown",TRUE
"table","here",TRUE
"table","openxlsx",TRUE
"table","flextable",TRUE
"table","tidyr",TRUE
"table","dplyr",TRUE
"text_analysis_intro","flextable",TRUE
"text_analysis_intro","checkdown",TRUE
"text_summarisation","purrr",TRUE
"text_summarisation","here",TRUE
"text_summarisation","rvest",TRUE
"text_summarisation","xml2",TRUE
"text_summarisation","flextable",TRUE
"text_summarisation","ggplot2",TRUE
"text_summarisation","tidyr",TRUE
"text_summarisation","stringi",TRUE
"text_summarisation","stringr",TRUE
"text_summarisation","dplyr",TRUE
"text_summarisation","tidytext",TRUE
"text_summarisation","lexRankr",TRUE
"text_summarisation","checkdown",TRUE
"textanalysis","igraph",TRUE
"textanalysis","ggraph",TRUE
"textanalysis","here",TRUE
"textanalysis","tokenizers",TRUE
"textanalysis","tidytext",TRUE
"textanalysis","stringr",TRUE
"textanalysis","tidyr",TRUE
"textanalysis","quanteda.textstats",TRUE
"textanalysis","quanteda.textplots",TRUE
"textanalysis","quanteda",TRUE
"textanalysis","flextable",TRUE
"textanalysis","ggplot2",TRUE
"textanalysis","dplyr",TRUE
"textanalysis","checkdown",TRUE
"topic","wordcloud",TRUE
"topic","topicmodels",TRUE
"topic","tm",TRUE
"topic","NLP",TRUE
"topic","tidytext",TRUE
"topic","tidyr",TRUE
"topic","stringr",TRUE
"topic","slam",TRUE
"topic","reshape2",TRUE
"topic","RColorBrewer",TRUE
"topic","quanteda",TRUE
"topic","ldatuning",TRUE
"topic","lda",TRUE
"topic","ggplot2",TRUE
"topic","flextable",TRUE
"topic","dplyr",TRUE
"topic_modelling_dickens","udpipe",TRUE
"topic_modelling_dickens","purrr",TRUE
"topic_modelling_dickens","dplyr",TRUE
"topic_modelling_dickens","stm",TRUE
"topic_modelling_dickens","tidytext",TRUE
"topic_modelling_dickens","quanteda.textmodels",TRUE
"topic_modelling_dickens","quanteda",TRUE
"topic_modelling_dickens","gutenbergr",TRUE
"topic_modelling_dickens","checkdown",TRUE
"tree_models","vip",TRUE
"tree_models","tree",TRUE
"tree_models","lubridate",TRUE
"tree_models","forcats",TRUE
"tree_models","stringr",TRUE
"tree_models","dplyr",TRUE
"tree_models","purrr",TRUE
"tree_models","readr",TRUE
"tree_models","tidyr",TRUE
"tree_models","tibble",TRUE
"tree_models","tidyverse",TRUE
"tree_models","randomForest",TRUE
"tree_models","pdp",TRUE
"tree_models","party",TRUE
"tree_models","strucchange",TRUE
"tree_models","sandwich",TRUE
"tree_models","zoo",TRUE
"tree_models","modeltools",TRUE
"tree_models","Hmisc",TRUE
"tree_models","here",TRUE
"tree_models","Gmisc",TRUE
"tree_models","htmlTable",TRUE
"tree_models","Rcpp",TRUE
"tree_models","ggparty",TRUE
"tree_models","partykit",TRUE
"tree_models","mvtnorm",TRUE
"tree_models","libcoin",TRUE
"tree_models","flextable",TRUE
"tree_models","caret",TRUE
"tree_models","lattice",TRUE
"tree_models","ggplot2",TRUE
"tree_models","Boruta",TRUE
"vowelchart","scales",TRUE
"vowelchart","ggforce",TRUE
"vowelchart","flextable",TRUE
"vowelchart","lubridate",TRUE
"vowelchart","forcats",TRUE
"vowelchart","stringr",TRUE
"vowelchart","dplyr",TRUE
"vowelchart","purrr",TRUE
"vowelchart","readr",TRUE
"vowelchart","tidyr",TRUE
"vowelchart","tibble",TRUE
"vowelchart","ggplot2",TRUE
"vowelchart","tidyverse",TRUE
"webscraping","polite",TRUE
"webscraping","xml2",TRUE
"webscraping","lubridate",TRUE
"webscraping","forcats",TRUE
"webscraping","stringr",TRUE
"webscraping","dplyr",TRUE
"webscraping","purrr",TRUE
"webscraping","readr",TRUE
"webscraping","tidyr",TRUE
"webscraping","tibble",TRUE
"webscraping","ggplot2",TRUE
"webscraping","tidyverse",TRUE
"webscraping","robotstxt",TRUE
"webscraping","httr",TRUE
"webscraping","rvest",TRUE
"webscraping","checkdown",TRUE
"webscraping","flextable",TRUE
"why_r",NA,FALSE
"working_with_computers","checkdown",TRUE
"workingwithr","purrr",TRUE
"workingwithr","flextable",TRUE
"workingwithr","tidyr",TRUE
"workingwithr","ggplot2",TRUE
"workingwithr","dplyr",TRUE
"workingwithr","checkdown",TRUE
